<?xml version="1.0" encoding="UTF-8"?>
<project-private xmlns="http://www.netbeans.org/ns/project-private/1">
    <editor-bookmarks xmlns="http://www.netbeans.org/ns/editor-bookmarks/2" lastBookmarkId="0"/>
    <open-files xmlns="http://www.netbeans.org/ns/projectui-open-files/2">
        <group>
            <file>file:/H:/TP3_Huynh_Barbu/src/tp3_huynh_barbu/JeuEducatif.java</file>
            <file>file:/H:/TP3_Huynh_Barbu/src/tp3_huynh_barbu/MagasinEnLigne.java</file>
            <file>file:/H:/TP3_Huynh_Barbu/src/tp3_huynh_barbu/JeuUtilitaire.java</file>
            <file>file:/H:/TP3_Huynh_Barbu/src/tp3_huynh_barbu/TP3_Huynh_Barbu.java</file>
            <file>file:/H:/TP3_Huynh_Barbu/src/tp3_huynh_barbu/Logiciel.java</file>
            <file>file:/H:/TP3_Huynh_Barbu/src/tp3_huynh_barbu/JeuDivertissement.java</file>
            <file>file:/H:/TP3_Huynh_Barbu/src/tp3_huynh_barbu/JeuFreeToPlay.java</file>
            <file>file:/H:/TP3_Huynh_Barbu/src/tp3_huynh_barbu/Bureautique.java</file>
        </group>
    </open-files>
</project-private>
